Schedule,Block 1 Rotation,Block 1 Site,Block 2 Rotation,Block 2 Site,Block 3 Rotation,Block 3 Site,Block 4 Rotation,Block 4 Site,Block 5 Rotation,Block 5 Site,Block 6 Rotation,Block 6 Site,Block 7 Rotation,Block 7 Site,Block 8 Rotation,Block 8 Site,Block 9 Rotation,Block 9 Site,Max Pairwise Distance (min),Dominant City
1,Elective,Generic Elective,Psychiatry,"Summa Health, Akron",Surgery,"Summa Health, Akron",Emergency Medicine,UH Portage Medical Center,Pediatrics,"Akron Children's Hospital, Akron",Obstetrics/Gynecology,"Summa Health, Akron",Internal Medicine,"Summa Health, Akron",Internal Medicine,"Summa Health, Akron",Family Medicine,"Summa Health Systems, Barberton",37.5,Akron
2,Surgery,Aultman Hospital,Emergency Medicine,Cleveland Clinic Union Hospital,Family Medicine,Aultman Hospital,Obstetrics/Gynecology,Aultman Hospital,Psychiatry,Mercy Health St. Elizabeth Youngstown,Pediatrics,"Akron Children's Hospital, Akron",Internal Medicine,Aultman/Mercy,Internal Medicine,Aultman/Mercy,Elective,Generic Elective,89.2,Canton
3,Internal Medicine,Cleveland Clinic Akron General,Internal Medicine,Cleveland Clinic Akron General,Psychiatry,Cleveland Clinic Akron General,Surgery,Cleveland Clinic Akron General,Emergency Medicine,Cleveland Clinic Akron General,Pediatrics,"Akron Children's Hospital, Akron",Elective,Generic Elective,Family Medicine,Cleveland Clinic Akron General,Obstetrics/Gynecology,Cleveland Clinic Akron General,3.9,Akron
4,Psychiatry,"Summa Health, Akron",Obstetrics/Gynecology,Aultman Hospital,Internal Medicine,UH Geauga Medical Center,Internal Medicine,UH Geauga Medical Center,Family Medicine,Aultman Hospital,Surgery,"Summa Health, Akron",Emergency Medicine,"Summa Health, Akron",Pediatrics,"Akron Children's Hospital, Akron",Elective,Generic Elective,75.2,Akron
5,Psychiatry,"Summa Health, Akron",Elective,Generic Elective,Pediatrics,"Akron Children's Hospital, Akron",Family Medicine,Mercy Health St. Elizabeth Boardman,Internal Medicine,Western Reserve Hospital,Internal Medicine,Western Reserve Hospital,Obstetrics/Gynecology,"Summa Health, Akron",Emergency Medicine,"Summa Health, Akron",Surgery,"Summa Health, Akron",61.4,Akron
6,Surgery,"Summa Health, Akron",Emergency Medicine,"Summa Health, Akron",Psychiatry,"Summa Health, Akron",Obstetrics/Gynecology,"Summa Health, Akron",Elective,Generic Elective,Family Medicine,Mercy Health St. Elizabeth Youngstown,Internal Medicine,Aultman/Mercy,Internal Medicine,Aultman/Mercy,Pediatrics,"Akron Children's Hospital, Akron",66.3,Akron
7,Emergency Medicine,"Summa Health, Akron",Surgery,"Summa Health, Akron",Obstetrics/Gynecology,"Summa Health, Akron",Elective,Generic Elective,Psychiatry,"Summa Health, Akron",Family Medicine,Aultman Hospital,Internal Medicine,"Summa Health, Akron",Internal Medicine,"Summa Health, Akron",Pediatrics,"Akron Children's Hospital, Akron",26.9,Akron
8,Internal Medicine,Aultman/Mercy,Internal Medicine,Aultman/Mercy,Family Medicine,Aultman Hospital,Psychiatry,UH Cleveland Medical Center,Surgery,Aultman Hospital,Emergency Medicine,Aultman Hospital,Obstetrics/Gynecology,Aultman Hospital,Pediatrics,"Akron Children's Hospital, Akron",Elective,Generic Elective,56.5,Canton
9,Psychiatry,"Summa Health, Akron",Pediatrics,"Akron Children's Hospital, Akron",Internal Medicine,"Summa Health, Akron",Internal Medicine,"Summa Health, Akron",Surgery,"Summa Health, Akron",Emergency Medicine,"Summa Health, Akron",Family Medicine,"Summa Health Systems, Barberton",Obstetrics/Gynecology,"Summa Health, Akron",Elective,Generic Elective,15.8,Akron
10,Internal Medicine,"Summa Health, Akron",Internal Medicine,"Summa Health, Akron",Pediatrics,"Akron Children's Hospital, Akron",Elective,Generic Elective,Psychiatry,"Summa Health, Akron",Obstetrics/Gynecology,Aultman Hospital,Family Medicine,Mercy Health St. Elizabeth Boardman,Surgery,"Summa Health, Akron",Emergency Medicine,"Summa Health, Akron",67.1,Akron
11,Pediatrics,"Akron Children's Hospital, Akron",Elective,Generic Elective,Psychiatry,"Summa Health, Akron",Obstetrics/Gynecology,"Summa Health, Akron",Internal Medicine,"Summa Health, Akron",Internal Medicine,"Summa Health, Akron",Family Medicine,"Summa Health, Akron",Surgery,"Summa Health, Akron",Emergency Medicine,"Summa Health, Akron",6.6,Akron
12,Pediatrics,"Akron Children's Hospital, Akron",Family Medicine,Mercy Health St. Elizabeth Youngstown,Internal Medicine,"Summa Health, Akron",Internal Medicine,"Summa Health, Akron",Emergency Medicine,"Summa Health, Akron",Surgery,"Summa Health, Akron",Elective,Generic Elective,Obstetrics/Gynecology,"Summa Health, Akron",Psychiatry,"Summa Health, Akron",50.6,Akron
13,Pediatrics,"Akron Children's Hospital, Akron",Family Medicine,"Summa Health Systems, Barberton",Obstetrics/Gynecology,"Summa Health, Akron",Emergency Medicine,"Summa Health, Akron",Surgery,"Summa Health, Akron",Psychiatry,Bluestone Child and Adolescent Psychiatric Hospital,Internal Medicine,UH Geauga Medical Center,Internal Medicine,UH Geauga Medical Center,Elective,Generic Elective,64.9,Akron
14,Family Medicine,Cleveland Clinic Akron General,Psychiatry,Cleveland Clinic Akron General,Elective,Generic Elective,Pediatrics,"Akron Children's Hospital, Akron",Internal Medicine,Cleveland Clinic Akron General,Internal Medicine,Cleveland Clinic Akron General,Obstetrics/Gynecology,Cleveland Clinic Akron General,Emergency Medicine,Cleveland Clinic Akron General,Surgery,Cleveland Clinic Akron General,3.9,Akron
15,Elective,Generic Elective,Pediatrics,"Akron Children's Hospital, Akron",Internal Medicine,"Summa Health, Akron",Internal Medicine,"Summa Health, Akron",Psychiatry,"Summa Health, Akron",Obstetrics/Gynecology,Aultman Hospital,Family Medicine,"Summa Health, Akron",Surgery,"Summa Health, Akron",Emergency Medicine,"Summa Health, Akron",26.9,Akron
16,Elective,Generic Elective,Obstetrics/Gynecology,Aultman Hospital,Internal Medicine,Aultman/Mercy,Internal Medicine,Aultman/Mercy,Family Medicine,Aultman Hospital,Emergency Medicine,Aultman Hospital,Surgery,Aultman Hospital,Pediatrics,"Akron Children's Hospital, Akron",Psychiatry,Mercy Health St. Elizabeth Youngstown,66.3,Canton
17,Emergency Medicine,Cleveland Clinic Akron General,Surgery,Aultman Hospital,Psychiatry,UH Cleveland Medical Center,Family Medicine,Aultman Hospital,Pediatrics,"Akron Children's Hospital, Akron",Obstetrics/Gynecology,Aultman Hospital,Internal Medicine,Aultman/Mercy,Internal Medicine,Aultman/Mercy,Elective,Generic Elective,56.5,Canton
18,Internal Medicine,Western Reserve Hospital,Internal Medicine,Western Reserve Hospital,Psychiatry,Cleveland Clinic Akron General,Pediatrics,"Akron Children's Hospital, Akron",Obstetrics/Gynecology,Cleveland Clinic Akron General,Elective,Generic Elective,Family Medicine,Cleveland Clinic Akron General,Emergency Medicine,Cleveland Clinic Akron General,Surgery,Cleveland Clinic Akron General,13.6,Akron
19,Internal Medicine,"Summa Health, Akron",Internal Medicine,"Summa Health, Akron",Pediatrics,"Akron Children's Hospital, Akron",Psychiatry,"Summa Health, Akron",Obstetrics/Gynecology,Aultman Hospital,Family Medicine,"Summa Health, Akron",Elective,Generic Elective,Emergency Medicine,UH Portage Medical Center,Surgery,"Summa Health, Akron",47.8,Akron
20,Internal Medicine,Cleveland Clinic Akron General,Internal Medicine,Cleveland Clinic Akron General,Pediatrics,"Akron Children's Hospital, Akron",Elective,Generic Elective,Psychiatry,Cleveland Clinic Akron General,Obstetrics/Gynecology,Cleveland Clinic Akron General,Family Medicine,Cleveland Clinic Akron General,Emergency Medicine,Cleveland Clinic Akron General,Surgery,Cleveland Clinic Akron General,3.9,Akron
21,Elective,Generic Elective,Pediatrics,"Akron Children's Hospital, Akron",Internal Medicine,"Summa Health, Akron",Internal Medicine,"Summa Health, Akron",Surgery,Cleveland Clinic Akron General,Emergency Medicine,"Summa Health, Akron",Psychiatry,"Summa Health, Akron",Obstetrics/Gynecology,"Summa Health, Akron",Family Medicine,"Summa Health, Akron",8,Akron
22,Emergency Medicine,"Summa Health, Akron",Surgery,"Summa Health, Akron",Psychiatry,"Summa Health, Akron",Elective,Generic Elective,Family Medicine,"Summa Health, Akron",Pediatrics,"Akron Children's Hospital, Akron",Internal Medicine,Western Reserve Hospital,Internal Medicine,Western Reserve Hospital,Obstetrics/Gynecology,"Summa Health, Akron",11.8,Akron
23,Internal Medicine,"Summa Health, Akron",Internal Medicine,"Summa Health, Akron",Family Medicine,Mercy Health St. Elizabeth Boardman,Elective,Generic Elective,Pediatrics,"Akron Children's Hospital, Akron",Surgery,Cleveland Clinic Mercy Medical Center (Canton),Emergency Medicine,"Summa Health, Akron",Obstetrics/Gynecology,"Summa Health, Akron",Psychiatry,"Summa Health, Akron",63.5,Akron
24,Elective,Generic Elective,Family Medicine,Cleveland Clinic Akron General,Internal Medicine,Cleveland Clinic Akron General,Internal Medicine,Cleveland Clinic Akron General,Emergency Medicine,Cleveland Clinic Akron General,Surgery,Cleveland Clinic Mercy Medical Center (Canton),Obstetrics/Gynecology,Cleveland Clinic Akron General,Psychiatry,Cleveland Clinic Akron General,Pediatrics,"Akron Children's Hospital, Akron",26,Akron
25,Psychiatry,"Summa Health, Akron",Family Medicine,"Summa Health Systems, Barberton",Surgery,"Summa Health, Akron",Emergency Medicine,"Summa Health, Akron",Elective,Generic Elective,Pediatrics,"Akron Children's Hospital, Akron",Internal Medicine,"Summa Health, Akron",Internal Medicine,"Summa Health, Akron",Obstetrics/Gynecology,"Summa Health, Akron",15.8,Akron
26,Surgery,"Summa Health, Akron",Emergency Medicine,"Summa Health, Akron",Pediatrics,"Akron Children's Hospital, Akron",Psychiatry,"Summa Health, Akron",Internal Medicine,"Summa Health, Akron",Internal Medicine,"Summa Health, Akron",Elective,Generic Elective,Obstetrics/Gynecology,"Summa Health, Akron",Family Medicine,Mercy Health St. Elizabeth Boardman,57.4,Akron
27,Internal Medicine,"Summa Health, Akron",Internal Medicine,"Summa Health, Akron",Pediatrics,"Akron Children's Hospital, Akron",Psychiatry,"Summa Health, Akron",Family Medicine,"Summa Health Systems, Barberton",Elective,Generic Elective,Obstetrics/Gynecology,"Summa Health, Akron",Surgery,"Summa Health, Akron",Emergency Medicine,"Summa Health, Akron",15.8,Akron
28,Surgery,UH Cleveland Medical Center,Emergency Medicine,UH Ahuja Medical Center,Internal Medicine,UH Geauga Medical Center,Internal Medicine,UH Geauga Medical Center,Pediatrics,Senders Pediatrics,Obstetrics/Gynecology,UH Ahuja Medical Center,Family Medicine,UH Lake Health West Medical Center,Psychiatry,Bluestone Child and Adolescent Psychiatric Hospital,Elective,Generic Elective,53.3,Eastern Cleveland
29,Internal Medicine,Cleveland Clinic Akron General,Internal Medicine,Cleveland Clinic Akron General,Elective,Generic Elective,Obstetrics/Gynecology,Cleveland Clinic Akron General,Psychiatry,Cleveland Clinic Akron General,Surgery,Aultman Hospital,Emergency Medicine,Cleveland Clinic Akron General,Family Medicine,Cleveland Clinic Akron General,Pediatrics,"Akron Children's Hospital, Akron",28.4,Akron
30,Obstetrics/Gynecology,"Summa Health, Akron",Surgery,"Summa Health, Akron",Emergency Medicine,"Summa Health, Akron",Family Medicine,"Summa Health Systems, Barberton",Internal Medicine,"Summa Health, Akron",Internal Medicine,"Summa Health, Akron",Psychiatry,"Summa Health, Akron",Pediatrics,"Akron Children's Hospital, Akron",Elective,Generic Elective,15.8,Akron
31,Psychiatry,"Summa Health, Akron",Family Medicine,UH Lake Health West Medical Center,Surgery,"Summa Health, Akron",Emergency Medicine,"Summa Health, Akron",Obstetrics/Gynecology,"Summa Health, Akron",Pediatrics,"Akron Children's Hospital, Akron",Internal Medicine,"Summa Health, Akron",Internal Medicine,"Summa Health, Akron",Elective,Generic Elective,48,Akron
32,Emergency Medicine,"Summa Health, Akron",Surgery,"Summa Health, Akron",Elective,Generic Elective,Obstetrics/Gynecology,"Summa Health, Akron",Internal Medicine,Western Reserve Hospital,Internal Medicine,Western Reserve Hospital,Family Medicine,Mercy Health St. Elizabeth Boardman,Psychiatry,"Summa Health, Akron",Pediatrics,"Akron Children's Hospital, Akron",61.4,Akron
33,Internal Medicine,Western Reserve Hospital,Internal Medicine,Western Reserve Hospital,Surgery,"Summa Health, Akron",Emergency Medicine,"Summa Health, Akron",Family Medicine,"Summa Health, Akron",Obstetrics/Gynecology,"Summa Health, Akron",Psychiatry,"Summa Health, Akron",Elective,Generic Elective,Pediatrics,"Akron Children's Hospital, Akron",11.8,Akron
34,Elective,Generic Elective,Obstetrics/Gynecology,UH Ahuja Medical Center,Pediatrics,UH Cleveland Medical Center,Psychiatry,MetroHealth Medical Center,Internal Medicine,MetroHealth Medical Center,Internal Medicine,MetroHealth Medical Center,Family Medicine,UH St. John Medical Center,Emergency Medicine,MetroHealth Medical Center,Surgery,MetroHealth Medical Center,34.1,Western Cleveland
35,Elective,Generic Elective,Pediatrics,"Akron Children's Hospital, Beeghley",Psychiatry,Mercy Health St. Elizabeth Youngstown,Obstetrics/Gynecology,Mercy Health St. Elizabeth Youngstown,Emergency Medicine,Mercy Health St. Elizabeth Youngstown,Surgery,Mercy Health St. Elizabeth Youngstown,Internal Medicine,UH Geauga Medical Center,Internal Medicine,UH Geauga Medical Center,Family Medicine,Mercy Health St. Elizabeth Youngstown,68,Youngstown
36,Obstetrics/Gynecology,UH TriPoint Medical Center,Elective,Generic Elective,Surgery,MetroHealth Medical Center,Emergency Medicine,UH Ahuja Medical Center,Pediatrics,UH Cleveland Medical Center,Psychiatry,MetroHealth Medical Center,Internal Medicine,MetroHealth Medical Center,Internal Medicine,MetroHealth Medical Center,Family Medicine,MetroHealth Medical Center,35.4,Eastern Cleveland
37,Internal Medicine,"Summa Health, Akron",Internal Medicine,"Summa Health, Akron",Family Medicine,Mercy Health St. Elizabeth Boardman,Pediatrics,"Akron Children's Hospital, Akron",Psychiatry,"Summa Health, Akron",Elective,Generic Elective,Obstetrics/Gynecology,"Summa Health, Akron",Emergency Medicine,"Summa Health, Akron",Surgery,"Summa Health, Akron",57.4,Akron
38,Obstetrics/Gynecology,Aultman Hospital,Pediatrics,"Akron Children's Hospital, Akron",Surgery,Aultman Hospital,Emergency Medicine,Cleveland Clinic Union Hospital,Internal Medicine,Aultman/Mercy,Internal Medicine,Aultman/Mercy,Family Medicine,Aultman Hospital,Psychiatry,Mercy Health St. Elizabeth Youngstown,Elective,Generic Elective,89.2,Canton
39,Surgery,"Summa Health, Akron",Emergency Medicine,"Summa Health, Akron",Elective,Generic Elective,Family Medicine,UH Lake Health West Medical Center,Internal Medicine,"Summa Health, Akron",Internal Medicine,"Summa Health, Akron",Pediatrics,"Akron Children's Hospital, Akron",Psychiatry,"Summa Health, Akron",Obstetrics/Gynecology,Aultman Hospital,66.7,Akron
40,Internal Medicine,"Summa Health, Akron",Internal Medicine,"Summa Health, Akron",Elective,Generic Elective,Pediatrics,"Akron Children's Hospital, Akron",Family Medicine,Aultman Hospital,Psychiatry,"Summa Health, Akron",Surgery,"Summa Health, Akron",Emergency Medicine,"Summa Health, Akron",Obstetrics/Gynecology,"Summa Health, Akron",26.9,Akron
41,Obstetrics/Gynecology,Cleveland Clinic Akron General,Pediatrics,"Akron Children's Hospital, Akron",Internal Medicine,Cleveland Clinic Akron General,Internal Medicine,Cleveland Clinic Akron General,Elective,Generic Elective,Psychiatry,Cleveland Clinic Akron General,Family Medicine,"Summa Health Systems, Barberton",Surgery,Cleveland Clinic Akron General,Emergency Medicine,Cleveland Clinic Akron General,15.8,Akron
42,Emergency Medicine,"Summa Health, Akron",Surgery,Cleveland Clinic Mercy Medical Center (Canton),Elective,Generic Elective,Psychiatry,Northcoast Behavioral Health,Obstetrics/Gynecology,Aultman Hospital,Family Medicine,Aultman Hospital,Internal Medicine,"Summa Health, Akron",Internal Medicine,"Summa Health, Akron",Pediatrics,"Akron Children's Hospital, Akron",50.3,Akron
43,Internal Medicine,UH Geauga Medical Center,Internal Medicine,UH Geauga Medical Center,Pediatrics,Senders Pediatrics,Psychiatry,Louis Stokes Cleveland VA,Surgery,UH Lake Health West Medical Center,Emergency Medicine,UH Lake Health West Medical Center,Elective,Generic Elective,Obstetrics/Gynecology,UH TriPoint Medical Center,Family Medicine,UH Lake Health West Medical Center,48.3,Eastern Cleveland
44,Pediatrics,"Akron Children's Hospital, Akron",Psychiatry,Bluestone Child and Adolescent Psychiatric Hospital,Surgery,UH Cleveland Medical Center,Emergency Medicine,UH Ahuja Medical Center,Internal Medicine,UH Geauga Medical Center,Internal Medicine,UH Geauga Medical Center,Obstetrics/Gynecology,UH Ahuja Medical Center,Family Medicine,Mercy Health St. Elizabeth Boardman,Elective,Generic Elective,73.3,Eastern Cleveland
45,Psychiatry,"Summa Health, Akron",Obstetrics/Gynecology,"Summa Health, Akron",Internal Medicine,"Summa Health, Akron",Internal Medicine,"Summa Health, Akron",Family Medicine,"Summa Health Systems, Barberton",Surgery,"Summa Health, Akron",Emergency Medicine,"Summa Health, Akron",Pediatrics,"Akron Children's Hospital, Akron",Elective,Generic Elective,15.8,Akron
46,Elective,Generic Elective,Obstetrics/Gynecology,"Summa Health, Akron",Emergency Medicine,"Summa Health, Akron",Surgery,"Summa Health, Akron",Internal Medicine,"Summa Health, Akron",Internal Medicine,"Summa Health, Akron",Pediatrics,"Akron Children's Hospital, Akron",Psychiatry,"Summa Health, Akron",Family Medicine,Cleveland Clinic Akron General,8,Akron
47,Emergency Medicine,Cleveland Clinic Akron General,Surgery,UH Cleveland Medical Center,Pediatrics,"Akron Children's Hospital, Akron",Elective,Generic Elective,Internal Medicine,Cleveland Clinic Akron General,Internal Medicine,Cleveland Clinic Akron General,Family Medicine,Cleveland Clinic Akron General,Psychiatry,Cleveland Clinic Akron General,Obstetrics/Gynecology,Cleveland Clinic Akron General,36.6,Akron
48,Surgery,Cleveland Clinic Akron General,Emergency Medicine,Cleveland Clinic Akron General,Psychiatry,Bluestone Child and Adolescent Psychiatric Hospital,Obstetrics/Gynecology,Cleveland Clinic Akron General,Pediatrics,"Akron Children's Hospital, Akron",Family Medicine,Cleveland Clinic Akron General,Internal Medicine,Western Reserve Hospital,Internal Medicine,Western Reserve Hospital,Elective,Generic Elective,41.3,Akron
49,Obstetrics/Gynecology,"Summa Health, Akron",Elective,Generic Elective,Surgery,"Summa Health, Akron",Emergency Medicine,"Summa Health, Akron",Family Medicine,"Summa Health, Akron",Pediatrics,"Akron Children's Hospital, Akron",Internal Medicine,"Summa Health, Akron",Internal Medicine,"Summa Health, Akron",Psychiatry,"Summa Health, Akron",6.6,Akron
50,Pediatrics,"Akron Children's Hospital, Akron",Psychiatry,Cleveland Clinic Akron General,Internal Medicine,Cleveland Clinic Akron General,Internal Medicine,Cleveland Clinic Akron General,Family Medicine,Cleveland Clinic Akron General,Obstetrics/Gynecology,Cleveland Clinic Akron General,Surgery,Cleveland Clinic Akron General,Emergency Medicine,Cleveland Clinic Akron General,Elective,Generic Elective,3.9,Akron
51,Surgery,Aultman Hospital,Emergency Medicine,Cleveland Clinic Union Hospital,Elective,Generic Elective,Pediatrics,"Akron Children's Hospital, Akron",Internal Medicine,Aultman/Mercy,Internal Medicine,Aultman/Mercy,Psychiatry,Louis Stokes Cleveland VA,Obstetrics/Gynecology,Aultman Hospital,Family Medicine,Aultman Hospital,89.1,Canton
52,Internal Medicine,Cleveland Clinic Akron General,Internal Medicine,Cleveland Clinic Akron General,Pediatrics,"Akron Children's Hospital, Akron",Family Medicine,Cleveland Clinic Akron General,Elective,Generic Elective,Obstetrics/Gynecology,Cleveland Clinic Akron General,Psychiatry,Cleveland Clinic Akron General,Surgery,Cleveland Clinic Akron General,Emergency Medicine,Cleveland Clinic Akron General,3.9,Akron
53,Obstetrics/Gynecology,Cleveland Clinic Akron General,Pediatrics,"Akron Children's Hospital, Akron",Surgery,Cleveland Clinic Akron General,Emergency Medicine,Cleveland Clinic Akron General,Family Medicine,Cleveland Clinic Akron General,Elective,Generic Elective,Internal Medicine,Cleveland Clinic Akron General,Internal Medicine,Cleveland Clinic Akron General,Psychiatry,Cleveland Clinic Akron General,3.9,Akron
54,Internal Medicine,Aultman/Mercy,Internal Medicine,Aultman/Mercy,Elective,Generic Elective,Surgery,Aultman Hospital,Emergency Medicine,"Summa Health, Akron",Pediatrics,"Akron Children's Hospital, Akron",Family Medicine,Aultman Hospital,Obstetrics/Gynecology,Aultman Hospital,Psychiatry,UH Cleveland Medical Center,56.5,Canton
55,Psychiatry,UH Cleveland Medical Center,Family Medicine,Cleveland Clinic Akron General,Internal Medicine,Cleveland Clinic Akron General,Internal Medicine,Cleveland Clinic Akron General,Elective,Generic Elective,Emergency Medicine,"Summa Health, Akron",Surgery,Cleveland Clinic Akron General,Obstetrics/Gynecology,Cleveland Clinic Akron General,Pediatrics,"Akron Children's Hospital, Akron",37.3,Akron
56,Elective,Generic Elective,Pediatrics,"Akron Children's Hospital, Akron",Obstetrics/Gynecology,Cleveland Clinic Akron General,Emergency Medicine,Cleveland Clinic Akron General,Surgery,Cleveland Clinic Akron General,Psychiatry,UH Cleveland Medical Center,Internal Medicine,Cleveland Clinic Akron General,Internal Medicine,Cleveland Clinic Akron General,Family Medicine,Cleveland Clinic Akron General,36.6,Akron
57,Surgery,Mercy Health St. Elizabeth Youngstown,Emergency Medicine,Mercy Health St. Elizabeth Youngstown,Internal Medicine,Mercy Health St. Elizabeth Youngstown,Internal Medicine,Mercy Health St. Elizabeth Youngstown,Family Medicine,Mercy Health St. Elizabeth Youngstown,Pediatrics,"Akron Children's Hospital, Beeghley",Psychiatry,Mercy Health St. Elizabeth Youngstown,Obstetrics/Gynecology,Mercy Health St. Elizabeth Youngstown,Elective,Generic Elective,16.7,Youngstown
58,Elective,Generic Elective,Obstetrics/Gynecology,Aultman Hospital,Internal Medicine,"Summa Health, Akron",Internal Medicine,"Summa Health, Akron",Family Medicine,Mercy Health St. Elizabeth Boardman,Pediatrics,"Akron Children's Hospital, Akron",Surgery,"Summa Health, Akron",Emergency Medicine,"Summa Health, Akron",Psychiatry,"Summa Health, Akron",67.1,Akron
59,Pediatrics,"Akron Children's Hospital, Akron",Elective,Generic Elective,Psychiatry,"Summa Health, Akron",Family Medicine,"Summa Health Systems, Barberton",Internal Medicine,"Summa Health, Akron",Internal Medicine,"Summa Health, Akron",Obstetrics/Gynecology,Aultman Hospital,Emergency Medicine,"Summa Health, Akron",Surgery,"Summa Health, Akron",29.6,Akron
60,Elective,Generic Elective,Obstetrics/Gynecology,Cleveland Clinic Akron General,Internal Medicine,Cleveland Clinic Akron General,Internal Medicine,Cleveland Clinic Akron General,Emergency Medicine,Cleveland Clinic Akron General,Surgery,Cleveland Clinic Akron General,Psychiatry,Cleveland Clinic Akron General,Pediatrics,"Akron Children's Hospital, Akron",Family Medicine,"Summa Health Systems, Barberton",15.8,Akron
61,Surgery,UH Lake Health West Medical Center,Emergency Medicine,UH Lake Health West Medical Center,Psychiatry,Louis Stokes Cleveland VA,Family Medicine,UH Lake Health West Medical Center,Internal Medicine,Cleveland Clinic Fairview Hospital,Internal Medicine,Cleveland Clinic Fairview Hospital,Elective,Generic Elective,Pediatrics,UH Cleveland Medical Center,Obstetrics/Gynecology,UH TriPoint Medical Center,43.8,Eastern Cleveland
62,Emergency Medicine,"Summa Health, Akron",Surgery,Aultman Hospital,Obstetrics/Gynecology,Aultman Hospital,Family Medicine,Mercy Health St. Elizabeth Youngstown,Pediatrics,"Akron Children's Hospital, Akron",Psychiatry,"Summa Health, Akron",Internal Medicine,"Summa Health, Akron",Internal Medicine,"Summa Health, Akron",Elective,Generic Elective,66.3,Akron
63,Elective,Generic Elective,Psychiatry,"Summa Health, Akron",Emergency Medicine,"Summa Health, Akron",Surgery,"Summa Health, Akron",Internal Medicine,"Summa Health, Akron",Internal Medicine,"Summa Health, Akron",Pediatrics,"Akron Children's Hospital, Akron",Family Medicine,Aultman Hospital,Obstetrics/Gynecology,"Summa Health, Akron",26.9,Akron
64,Internal Medicine,"Summa Health, Akron",Internal Medicine,"Summa Health, Akron",Obstetrics/Gynecology,Aultman Hospital,Elective,Generic Elective,Psychiatry,"Summa Health, Akron",Pediatrics,"Akron Children's Hospital, Akron",Emergency Medicine,"Summa Health, Akron",Surgery,"Summa Health, Akron",Family Medicine,"Summa Health Systems, Barberton",29.6,Akron
65,Pediatrics,"Akron Children's Hospital, Akron",Psychiatry,Northcoast Behavioral Health,Internal Medicine,Western Reserve Hospital,Internal Medicine,Western Reserve Hospital,Elective,Generic Elective,Surgery,"Summa Health, Akron",Emergency Medicine,"Summa Health, Akron",Family Medicine,UH Lake Health West Medical Center,Obstetrics/Gynecology,Aultman Hospital,66.7,Akron
66,Internal Medicine,UH Geauga Medical Center,Internal Medicine,UH Geauga Medical Center,Psychiatry,Louis Stokes Cleveland VA,Obstetrics/Gynecology,UH TriPoint Medical Center,Family Medicine,UH Lake Health West Medical Center,Pediatrics,UH Cleveland Medical Center,Emergency Medicine,UH Lake Health West Medical Center,Surgery,UH Lake Health West Medical Center,Elective,Generic Elective,53.3,Eastern Cleveland
67,Family Medicine,UH St. John Medical Center,Psychiatry,UH Cleveland Medical Center,Internal Medicine,MetroHealth Medical Center,Internal Medicine,MetroHealth Medical Center,Obstetrics/Gynecology,UH Ahuja Medical Center,Pediatrics,"Akron Children's Hospital, Akron",Elective,Generic Elective,Emergency Medicine,MetroHealth Medical Center,Surgery,UH Cleveland Medical Center,51.2,Eastern Cleveland
68,Pediatrics,"Akron Children's Hospital, Akron",Family Medicine,Mercy Health St. Elizabeth Boardman,Elective,Generic Elective,Obstetrics/Gynecology,Aultman Hospital,Emergency Medicine,"Summa Health, Akron",Surgery,Western Reserve Hospital,Internal Medicine,"Summa Health, Akron",Internal Medicine,"Summa Health, Akron",Psychiatry,Northcoast Behavioral Health,67.1,Akron
69,Emergency Medicine,Cleveland Clinic Akron General,Surgery,Cleveland Clinic Akron General,Psychiatry,Cleveland Clinic Akron General,Family Medicine,Cleveland Clinic Akron General,Internal Medicine,Cleveland Clinic Akron General,Internal Medicine,Cleveland Clinic Akron General,Pediatrics,"Akron Children's Hospital, Akron",Obstetrics/Gynecology,Cleveland Clinic Akron General,Elective,Generic Elective,3.9,Akron
70,Internal Medicine,UH Parma Medical Center,Internal Medicine,UH Parma Medical Center,Obstetrics/Gynecology,"Summa Health, Akron",Family Medicine,Mercy Health St. Elizabeth Boardman,Surgery,"Summa Health, Akron",Emergency Medicine,"Summa Health, Akron",Psychiatry,"Summa Health, Akron",Pediatrics,"Akron Children's Hospital, Akron",Elective,Generic Elective,80.7,Akron
71,Pediatrics,"Akron Children's Hospital, Akron",Obstetrics/Gynecology,Cleveland Clinic Akron General,Emergency Medicine,Cleveland Clinic Akron General,Surgery,Cleveland Clinic Mercy Medical Center (Canton),Family Medicine,"Summa Health Systems, Barberton",Psychiatry,Cleveland Clinic Akron General,Internal Medicine,Cleveland Clinic Akron General,Internal Medicine,Cleveland Clinic Akron General,Elective,Generic Elective,26,Akron
72,Psychiatry,Cleveland Clinic Akron General,Pediatrics,"Akron Children's Hospital, Akron",Internal Medicine,Aultman/Mercy,Internal Medicine,Aultman/Mercy,Obstetrics/Gynecology,Cleveland Clinic Akron General,Surgery,Cleveland Clinic Akron General,Emergency Medicine,Cleveland Clinic Akron General,Family Medicine,Cleveland Clinic Akron General,Elective,Generic Elective,28.4,Akron
73,Emergency Medicine,Cleveland Clinic Akron General,Surgery,Aultman Hospital,Pediatrics,"Akron Children's Hospital, Akron",Psychiatry,UH Cleveland Medical Center,Elective,Generic Elective,Obstetrics/Gynecology,Cleveland Clinic Akron General,Internal Medicine,Cleveland Clinic Akron General,Internal Medicine,Cleveland Clinic Akron General,Family Medicine,Cleveland Clinic Akron General,56.5,Akron
74,Obstetrics/Gynecology,Aultman Hospital,Pediatrics,"Akron Children's Hospital, Akron",Internal Medicine,"Summa Health, Akron",Internal Medicine,"Summa Health, Akron",Elective,Generic Elective,Psychiatry,"Summa Health, Akron",Family Medicine,"Summa Health, Akron",Emergency Medicine,UH Portage Medical Center,Surgery,"Summa Health, Akron",47.8,Akron
75,Internal Medicine,Cleveland Clinic Akron General,Internal Medicine,Cleveland Clinic Akron General,Family Medicine,Cleveland Clinic Akron General,Pediatrics,"Akron Children's Hospital, Akron",Psychiatry,Cleveland Clinic Akron General,Surgery,Cleveland Clinic Akron General,Emergency Medicine,Cleveland Clinic Akron General,Obstetrics/Gynecology,Cleveland Clinic Akron General,Elective,Generic Elective,3.9,Akron
76,Pediatrics,"Akron Children's Hospital, Akron",Obstetrics/Gynecology,"Summa Health, Akron",Psychiatry,"Summa Health, Akron",Family Medicine,"Summa Health Systems, Barberton",Internal Medicine,"Summa Health, Akron",Internal Medicine,"Summa Health, Akron",Surgery,Western Reserve Hospital,Emergency Medicine,"Summa Health, Akron",Elective,Generic Elective,22.7,Akron
77,Family Medicine,Mercy Health St. Elizabeth Youngstown,Psychiatry,"Summa Health, Akron",Elective,Generic Elective,Emergency Medicine,Cleveland Clinic Akron General,Surgery,"Summa Health, Akron",Obstetrics/Gynecology,"Summa Health, Akron",Internal Medicine,"Summa Health, Akron",Internal Medicine,"Summa Health, Akron",Pediatrics,"Akron Children's Hospital, Akron",51,Akron
78,Internal Medicine,"Summa Health, Akron",Internal Medicine,"Summa Health, Akron",Surgery,Cleveland Clinic Akron General,Emergency Medicine,Cleveland Clinic Akron General,Psychiatry,"Summa Health, Akron",Family Medicine,Mercy Health St. Elizabeth Boardman,Pediatrics,"Akron Children's Hospital, Akron",Obstetrics/Gynecology,Aultman Hospital,Elective,Generic Elective,67.1,Akron
79,Surgery,"Summa Health, Akron",Emergency Medicine,"Summa Health, Akron",Internal Medicine,"Summa Health, Akron",Internal Medicine,"Summa Health, Akron",Pediatrics,"Akron Children's Hospital, Akron",Family Medicine,"Summa Health, Akron",Psychiatry,"Summa Health, Akron",Obstetrics/Gynecology,Aultman Hospital,Elective,Generic Elective,26.9,Akron
80,Obstetrics/Gynecology,"Summa Health, Akron",Psychiatry,"Summa Health, Akron",Pediatrics,"Akron Children's Hospital, Akron",Elective,Generic Elective,Surgery,"Summa Health, Akron",Emergency Medicine,"Summa Health, Akron",Internal Medicine,UH St. John Medical Center,Internal Medicine,UH St. John Medical Center,Family Medicine,"Summa Health, Akron",52.2,Akron
81,Obstetrics/Gynecology,OhioHealth Riverside Methodist Hospital,Family Medicine,"Summa Health, Akron",Internal Medicine,Western Reserve Hospital,Internal Medicine,Western Reserve Hospital,Pediatrics,"Akron Children's Hospital, Akron",Emergency Medicine,"Summa Health, Akron",Surgery,"Summa Health, Akron",Psychiatry,"Summa Health, Akron",Elective,Generic Elective,121.3,Akron
82,Pediatrics,"Akron Children's Hospital, Akron",Family Medicine,Aultman Hospital,Emergency Medicine,"Summa Health, Akron",Surgery,"Summa Health, Akron",Internal Medicine,"Summa Health, Akron",Internal Medicine,"Summa Health, Akron",Obstetrics/Gynecology,"Summa Health, Akron",Psychiatry,"Summa Health, Akron",Elective,Generic Elective,26.9,Akron
83,Elective,Generic Elective,Surgery,Cleveland Clinic Akron General,Emergency Medicine,Cleveland Clinic Akron General,Family Medicine,Cleveland Clinic Akron General,Obstetrics/Gynecology,Cleveland Clinic Akron General,Psychiatry,Cleveland Clinic Akron General,Internal Medicine,Cleveland Clinic Akron General,Internal Medicine,Cleveland Clinic Akron General,Pediatrics,"Akron Children's Hospital, Akron",3.9,Akron
84,Internal Medicine,"Summa Health, Akron",Internal Medicine,"Summa Health, Akron",Obstetrics/Gynecology,Aultman Hospital,Psychiatry,"Summa Health, Akron",Emergency Medicine,"Summa Health, Akron",Surgery,"Summa Health, Akron",Pediatrics,"Akron Children's Hospital, Akron",Elective,Generic Elective,Family Medicine,Mercy Health St. Elizabeth Boardman,67.1,Akron
85,Family Medicine,Cleveland Clinic Akron General,Psychiatry,Cleveland Clinic Akron General,Obstetrics/Gynecology,Cleveland Clinic Akron General,Pediatrics,"Akron Children's Hospital, Akron",Internal Medicine,Cleveland Clinic Akron General,Internal Medicine,Cleveland Clinic Akron General,Emergency Medicine,Cleveland Clinic Akron General,Surgery,Cleveland Clinic Akron General,Elective,Generic Elective,3.9,Akron
86,Obstetrics/Gynecology,Cleveland Clinic Akron General,Family Medicine,"Summa Health Systems, Barberton",Emergency Medicine,Cleveland Clinic Akron General,Surgery,Cleveland Clinic Akron General,Internal Medicine,Cleveland Clinic Akron General,Internal Medicine,Cleveland Clinic Akron General,Psychiatry,Cleveland Clinic Akron General,Pediatrics,"Akron Children's Hospital, Akron",Elective,Generic Elective,15.8,Akron
87,Internal Medicine,"Summa Health, Akron",Internal Medicine,"Summa Health, Akron",Elective,Generic Elective,Psychiatry,"Summa Health, Akron",Obstetrics/Gynecology,Aultman Hospital,Family Medicine,"Summa Health, Akron",Emergency Medicine,"Summa Health, Akron",Surgery,Cleveland Clinic Mercy Medical Center (Canton),Pediatrics,"Akron Children's Hospital, Akron",26.9,Akron
88,Internal Medicine,UH Geauga Medical Center,Internal Medicine,UH Geauga Medical Center,Family Medicine,UH Lake Health West Medical Center,Obstetrics/Gynecology,Aultman Hospital,Psychiatry,Bluestone Child and Adolescent Psychiatric Hospital,Pediatrics,Senders Pediatrics,Emergency Medicine,UH Ahuja Medical Center,Surgery,UH Cleveland Medical Center,Elective,Generic Elective,75.2,Eastern Cleveland
89,Emergency Medicine,"Summa Health, Akron",Surgery,"Summa Health, Akron",Elective,Generic Elective,Psychiatry,"Summa Health, Akron",Internal Medicine,"Summa Health, Akron",Internal Medicine,"Summa Health, Akron",Obstetrics/Gynecology,"Summa Health, Akron",Family Medicine,Mercy Health St. Elizabeth Boardman,Pediatrics,"Akron Children's Hospital, Akron",57.4,Akron
90,Obstetrics/Gynecology,Mercy Health St. Elizabeth Youngstown,Surgery,Mercy Health St. Elizabeth Youngstown,Emergency Medicine,Mercy Health St. Elizabeth Youngstown,Pediatrics,"Akron Children's Hospital, Beeghley",Family Medicine,Mercy Health St. Elizabeth Youngstown,Psychiatry,Mercy Health St. Elizabeth Youngstown,Internal Medicine,Mercy Health St. Elizabeth Youngstown,Internal Medicine,Mercy Health St. Elizabeth Youngstown,Elective,Generic Elective,16.7,Youngstown
91,Surgery,"Summa Health, Akron",Emergency Medicine,"Summa Health, Akron",Internal Medicine,UH Geauga Medical Center,Internal Medicine,UH Geauga Medical Center,Obstetrics/Gynecology,Cleveland Clinic Akron General,Pediatrics,"Akron Children's Hospital, Akron",Family Medicine,Aultman Hospital,Psychiatry,"Summa Health, Akron",Elective,Generic Elective,75.2,Akron
92,Family Medicine,Aultman Hospital,Psychiatry,Louis Stokes Cleveland VA,Internal Medicine,Aultman/Mercy,Internal Medicine,Aultman/Mercy,Pediatrics,"Akron Children's Hospital, Akron",Surgery,Aultman Hospital,Emergency Medicine,Aultman Hospital,Obstetrics/Gynecology,Aultman Hospital,Elective,Generic Elective,66.2,Canton
93,Pediatrics,UH Cleveland Medical Center,Psychiatry,Mercy Health Lorain Hospital,Family Medicine,UH St. John Medical Center,Elective,Generic Elective,Internal Medicine,UH St. John Medical Center,Internal Medicine,UH St. John Medical Center,Surgery,Cleveland Clinic Fairview Hospital,Emergency Medicine,UH Ahuja Medical Center,Obstetrics/Gynecology,UH St. John Medical Center,51.2,Western Cleveland
94,Obstetrics/Gynecology,Aultman Hospital,Family Medicine,Aultman Hospital,Pediatrics,"Akron Children's Hospital, Akron",Surgery,Aultman Hospital,Emergency Medicine,"Summa Health, Akron",Elective,Generic Elective,Internal Medicine,Aultman/Mercy,Internal Medicine,Aultman/Mercy,Psychiatry,Mercy Health St. Elizabeth Youngstown,66.3,Canton
95,Obstetrics/Gynecology,Aultman Hospital,Psychiatry,UH Cleveland Medical Center,Elective,Generic Elective,Family Medicine,Aultman Hospital,Internal Medicine,Aultman/Mercy,Internal Medicine,Aultman/Mercy,Pediatrics,"Akron Children's Hospital, Akron",Surgery,Aultman Hospital,Emergency Medicine,Aultman Hospital,56.5,Canton
96,Pediatrics,"Akron Children's Hospital, Akron",Elective,Generic Elective,Emergency Medicine,Cleveland Clinic Akron General,Surgery,Aultman Hospital,Internal Medicine,Aultman/Mercy,Internal Medicine,Aultman/Mercy,Obstetrics/Gynecology,Aultman Hospital,Family Medicine,Aultman Hospital,Psychiatry,UH Cleveland Medical Center,56.5,Canton
97,Obstetrics/Gynecology,Aultman Hospital,Pediatrics,"Akron Children's Hospital, Akron",Elective,Generic Elective,Psychiatry,Bluestone Child and Adolescent Psychiatric Hospital,Internal Medicine,Aultman/Mercy,Internal Medicine,Aultman/Mercy,Emergency Medicine,Aultman Hospital,Surgery,Aultman Hospital,Family Medicine,Aultman Hospital,58.3,Canton
98,Family Medicine,Aultman Hospital,Emergency Medicine,"Summa Health, Akron",Surgery,Aultman Hospital,Elective,Generic Elective,Pediatrics,"Akron Children's Hospital, Akron",Psychiatry,Louis Stokes Cleveland VA,Internal Medicine,Aultman/Mercy,Internal Medicine,Aultman/Mercy,Obstetrics/Gynecology,Aultman Hospital,66.2,Canton
99,Elective,Generic Elective,Obstetrics/Gynecology,Aultman Hospital,Pediatrics,"Akron Children's Hospital, Akron",Family Medicine,Aultman Hospital,Internal Medicine,Aultman/Mercy,Internal Medicine,Aultman/Mercy,Psychiatry,UH Cleveland Medical Center,Emergency Medicine,Aultman Hospital,Surgery,Aultman Hospital,56.5,Canton
100,Internal Medicine,Aultman/Mercy,Internal Medicine,Aultman/Mercy,Elective,Generic Elective,Pediatrics,"Akron Children's Hospital, Akron",Surgery,Aultman Hospital,Emergency Medicine,Aultman Hospital,Psychiatry,Northcoast Behavioral Health,Family Medicine,Aultman Hospital,Obstetrics/Gynecology,Aultman Hospital,50.3,Canton
101,Internal Medicine,Aultman/Mercy,Internal Medicine,Aultman/Mercy,Family Medicine,Cleveland Clinic Akron General,Emergency Medicine,Cleveland Clinic Akron General,Surgery,Cleveland Clinic Akron General,Elective,Generic Elective,Pediatrics,"Akron Children's Hospital, Akron",Obstetrics/Gynecology,Cleveland Clinic Akron General,Psychiatry,Cleveland Clinic Akron General,28.4,Akron
102,Elective,Generic Elective,Family Medicine,Aultman Hospital,Surgery,Aultman Hospital,Emergency Medicine,Cleveland Clinic Union Hospital,Pediatrics,"Akron Children's Hospital, Akron",Psychiatry,UH Cleveland Medical Center,Internal Medicine,Aultman/Mercy,Internal Medicine,Aultman/Mercy,Obstetrics/Gynecology,Aultman Hospital,79.4,Canton
103,Internal Medicine,UH St. John Medical Center,Internal Medicine,UH St. John Medical Center,Family Medicine,MetroHealth Medical Center,Surgery,MetroHealth Medical Center,Emergency Medicine,MetroHealth Medical Center,Pediatrics,UH Cleveland Medical Center,Obstetrics/Gynecology,UH Ahuja Medical Center,Psychiatry,UH Cleveland Medical Center,Elective,Generic Elective,34.1,Western Cleveland
104,Pediatrics,"Akron Children's Hospital, Akron",Elective,Generic Elective,Internal Medicine,Aultman/Mercy,Internal Medicine,Aultman/Mercy,Obstetrics/Gynecology,Aultman Hospital,Family Medicine,Aultman Hospital,Psychiatry,Bluestone Child and Adolescent Psychiatric Hospital,Surgery,Aultman Hospital,Emergency Medicine,Aultman Hospital,58.3,Canton
105,Family Medicine,Mercy Health St. Elizabeth Boardman,Pediatrics,"Akron Children's Hospital, Akron",Psychiatry,"Summa Health, Akron",Surgery,"Summa Health, Akron",Emergency Medicine,"Summa Health, Akron",Obstetrics/Gynecology,Aultman Hospital,Internal Medicine,"Summa Health, Akron",Internal Medicine,"Summa Health, Akron",Elective,Generic Elective,67.1,Akron
106,Elective,Generic Elective,Psychiatry,"Summa Health, Akron",Internal Medicine,Aultman/Mercy,Internal Medicine,Aultman/Mercy,Obstetrics/Gynecology,Aultman Hospital,Pediatrics,"Akron Children's Hospital, Akron",Surgery,Aultman Hospital,Emergency Medicine,Aultman Hospital,Family Medicine,Aultman Hospital,26.9,Canton
107,Family Medicine,Aultman Hospital,Elective,Generic Elective,Internal Medicine,Aultman/Mercy,Internal Medicine,Aultman/Mercy,Pediatrics,"Akron Children's Hospital, Akron",Obstetrics/Gynecology,Aultman Hospital,Psychiatry,"Summa Health, Akron",Emergency Medicine,Aultman Hospital,Surgery,Aultman Hospital,26.9,Canton
108,Internal Medicine,Aultman/Mercy,Internal Medicine,Aultman/Mercy,Family Medicine,Aultman Hospital,Obstetrics/Gynecology,Aultman Hospital,Psychiatry,Louis Stokes Cleveland VA,Surgery,Aultman Hospital,Emergency Medicine,Aultman Hospital,Pediatrics,"Akron Children's Hospital, Akron",Elective,Generic Elective,66.2,Canton
109,Elective,Generic Elective,Obstetrics/Gynecology,Mercy Health St. Elizabeth Youngstown,Psychiatry,Mercy Health St. Elizabeth Youngstown,Family Medicine,Mercy Health St. Elizabeth Youngstown,Surgery,Mercy Health St. Elizabeth Youngstown,Emergency Medicine,Mercy Health St. Elizabeth Youngstown,Internal Medicine,UH Geauga Medical Center,Internal Medicine,UH Geauga Medical Center,Pediatrics,"Akron Children's Hospital, Beeghley",68,Youngstown
110,Surgery,Cleveland Clinic Akron General,Emergency Medicine,UH Portage Medical Center,Obstetrics/Gynecology,Cleveland Clinic Akron General,Psychiatry,Cleveland Clinic Akron General,Family Medicine,Cleveland Clinic Akron General,Pediatrics,"Akron Children's Hospital, Akron",Internal Medicine,Cleveland Clinic Akron General,Internal Medicine,Cleveland Clinic Akron General,Elective,Generic Elective,32.4,Akron
111,Psychiatry,Columbus VA Clinic,Elective,Generic Elective,Internal Medicine,OhioHealth Riverside Methodist Hospital,Internal Medicine,OhioHealth Riverside Methodist Hospital,Family Medicine,Mount Carmel Health System,Surgery,OhioHealth Riverside Methodist Hospital,Emergency Medicine,Columbus VA Clinic,Obstetrics/Gynecology,OhioHealth Riverside Methodist Hospital,Pediatrics,"Akron Children's Hospital, Akron",115.5,Columbus
112,Obstetrics/Gynecology,UH Ahuja Medical Center,Psychiatry,MetroHealth Medical Center,Pediatrics,MetroHealth Medical Center,Emergency Medicine,MetroHealth Medical Center,Surgery,MetroHealth Medical Center,Family Medicine,MetroHealth Medical Center,Internal Medicine,UH St. John Medical Center,Internal Medicine,UH St. John Medical Center,Elective,Generic Elective,33,Western Cleveland
113,Pediatrics,"Akron Children's Hospital, Akron",Obstetrics/Gynecology,OhioHealth Riverside Methodist Hospital,Internal Medicine,OhioHealth Riverside Methodist Hospital,Internal Medicine,OhioHealth Riverside Methodist Hospital,Psychiatry,Columbus VA Clinic,Family Medicine,Mount Carmel Health System,Surgery,OhioHealth Riverside Methodist Hospital,Emergency Medicine,Columbus VA Clinic,Elective,Generic Elective,115.5,Columbus
114,Internal Medicine,Mercy Health St. Elizabeth Youngstown,Internal Medicine,Mercy Health St. Elizabeth Youngstown,Surgery,Mercy Health St. Elizabeth Youngstown,Emergency Medicine,Mercy Health St. Elizabeth Youngstown,Pediatrics,"Akron Children's Hospital, Beeghley",Obstetrics/Gynecology,Mercy Health St. Elizabeth Youngstown,Psychiatry,Mercy Health St. Elizabeth Youngstown,Family Medicine,Mercy Health St. Elizabeth Youngstown,Elective,Generic Elective,16.7,Youngstown
115,Family Medicine,UH Lake Health West Medical Center,Obstetrics/Gynecology,UH TriPoint Medical Center,Surgery,UH Lake Health West Medical Center,Emergency Medicine,UH Lake Health West Medical Center,Internal Medicine,UH Geauga Medical Center,Internal Medicine,UH Geauga Medical Center,Pediatrics,Senders Pediatrics,Psychiatry,Louis Stokes Cleveland VA,Elective,Generic Elective,48.3,Eastern Cleveland
116,Emergency Medicine,UH Lake Health West Medical Center,Surgery,UH Lake Health West Medical Center,Obstetrics/Gynecology,UH TriPoint Medical Center,Pediatrics,Senders Pediatrics,Family Medicine,UH Lake Health West Medical Center,Elective,Generic Elective,Internal Medicine,UH Geauga Medical Center,Internal Medicine,UH Geauga Medical Center,Psychiatry,Louis Stokes Cleveland VA,48.3,Eastern Cleveland
117,Elective,Generic Elective,Pediatrics,UH Cleveland Medical Center,Internal Medicine,Cleveland Clinic Fairview Hospital,Internal Medicine,Cleveland Clinic Fairview Hospital,Family Medicine,MetroHealth Medical Center,Surgery,Louis Stokes Cleveland VA,Emergency Medicine,MetroHealth Medical Center,Obstetrics/Gynecology,UH Ahuja Medical Center,Psychiatry,MetroHealth Medical Center,30.7,Western Cleveland
118,Internal Medicine,Cleveland Clinic Akron General,Internal Medicine,Cleveland Clinic Akron General,Pediatrics,"Akron Children's Hospital, Akron",Obstetrics/Gynecology,Cleveland Clinic Akron General,Psychiatry,UH Cleveland Medical Center,Family Medicine,Cleveland Clinic Akron General,Emergency Medicine,Cleveland Clinic Akron General,Surgery,Western Reserve Hospital,Elective,Generic Elective,49.8,Akron
119,Elective,Generic Elective,Family Medicine,UH St. John Medical Center,Internal Medicine,UH St. John Medical Center,Internal Medicine,UH St. John Medical Center,Psychiatry,Mercy Health Lorain Hospital,Obstetrics/Gynecology,UH St. John Medical Center,Pediatrics,UH Cleveland Medical Center,Surgery,Cleveland Clinic Fairview Hospital,Emergency Medicine,UH St. John Medical Center,37.4,Western Cleveland
120,Internal Medicine,UH Geauga Medical Center,Internal Medicine,UH Geauga Medical Center,Emergency Medicine,UH Lake Health West Medical Center,Surgery,UH Lake Health West Medical Center,Obstetrics/Gynecology,UH TriPoint Medical Center,Elective,Generic Elective,Family Medicine,UH Lake Health West Medical Center,Psychiatry,Louis Stokes Cleveland VA,Pediatrics,Senders Pediatrics,48.3,Eastern Cleveland
121,Internal Medicine,Mercy Health St. Elizabeth Youngstown,Internal Medicine,Mercy Health St. Elizabeth Youngstown,Family Medicine,Mercy Health St. Elizabeth Youngstown,Pediatrics,"Akron Children's Hospital, Beeghley",Obstetrics/Gynecology,Mercy Health St. Elizabeth Youngstown,Psychiatry,Mercy Health St. Elizabeth Youngstown,Elective,Generic Elective,Surgery,Mercy Health St. Elizabeth Youngstown,Emergency Medicine,Mercy Health St. Elizabeth Youngstown,16.7,Youngstown
122,Psychiatry,Bluestone Child and Adolescent Psychiatric Hospital,Elective,Generic Elective,Internal Medicine,UH Geauga Medical Center,Internal Medicine,UH Geauga Medical Center,Surgery,UH Cleveland Medical Center,Emergency Medicine,UH Ahuja Medical Center,Obstetrics/Gynecology,UH TriPoint Medical Center,Pediatrics,Senders Pediatrics,Family Medicine,UH Lake Health West Medical Center,53.3,Eastern Cleveland
123,Emergency Medicine,MetroHealth Medical Center,Surgery,UH Cleveland Medical Center,Pediatrics,UH Cleveland Medical Center,Obstetrics/Gynecology,UH Ahuja Medical Center,Psychiatry,UH Cleveland Medical Center,Family Medicine,UH Lake Health West Medical Center,Internal Medicine,Cleveland Clinic Fairview Hospital,Internal Medicine,Cleveland Clinic Fairview Hospital,Elective,Generic Elective,37.7,Western Cleveland
124,Psychiatry,Louis Stokes Cleveland VA,Pediatrics,MetroHealth Medical Center,Obstetrics/Gynecology,UH St. John Medical Center,Family Medicine,MetroHealth Medical Center,Internal Medicine,MetroHealth Medical Center,Internal Medicine,MetroHealth Medical Center,Emergency Medicine,MetroHealth Medical Center,Surgery,MetroHealth Medical Center,Elective,Generic Elective,33.2,Western Cleveland
125,Elective,Generic Elective,Psychiatry,Louis Stokes Cleveland VA,Obstetrics/Gynecology,UH Ahuja Medical Center,Family Medicine,MetroHealth Medical Center,Surgery,Cleveland Clinic Fairview Hospital,Emergency Medicine,MetroHealth Medical Center,Internal Medicine,UH Parma Medical Center,Internal Medicine,UH Parma Medical Center,Pediatrics,UH Cleveland Medical Center,30.8,Western Cleveland
126,Obstetrics/Gynecology,UH St. John Medical Center,Elective,Generic Elective,Internal Medicine,Cleveland Clinic Fairview Hospital,Internal Medicine,Cleveland Clinic Fairview Hospital,Pediatrics,UH Cleveland Medical Center,Family Medicine,UH St. John Medical Center,Psychiatry,UH Cleveland Medical Center,Emergency Medicine,MetroHealth Medical Center,Surgery,Cleveland Clinic Fairview Hospital,34.1,Western Cleveland
127,Pediatrics,UH Cleveland Medical Center,Elective,Generic Elective,Internal Medicine,UH St. John Medical Center,Internal Medicine,UH St. John Medical Center,Psychiatry,Mercy Health Lorain Hospital,Surgery,Cleveland Clinic Fairview Hospital,Emergency Medicine,UH St. John Medical Center,Family Medicine,UH St. John Medical Center,Obstetrics/Gynecology,UH St. John Medical Center,37.4,Western Cleveland
128,Family Medicine,Mercy Health St. Elizabeth Boardman,Elective,Generic Elective,Internal Medicine,UH Parma Medical Center,Internal Medicine,UH Parma Medical Center,Obstetrics/Gynecology,OhioHealth Riverside Methodist Hospital,Emergency Medicine,MetroHealth Medical Center,Surgery,UH Cleveland Medical Center,Psychiatry,UH Cleveland Medical Center,Pediatrics,"Akron Children's Hospital, Akron",159.4,Eastern Cleveland
129,Psychiatry,MetroHealth Medical Center,Pediatrics,MetroHealth Medical Center,Internal Medicine,MetroHealth Medical Center,Internal Medicine,MetroHealth Medical Center,Family Medicine,MetroHealth Medical Center,Obstetrics/Gynecology,UH Ahuja Medical Center,Emergency Medicine,MetroHealth Medical Center,Surgery,UH Cleveland Medical Center,Elective,Generic Elective,18.9,Western Cleveland
130,Internal Medicine,UH St. John Medical Center,Internal Medicine,UH St. John Medical Center,Psychiatry,Mercy Health Lorain Hospital,Obstetrics/Gynecology,UH St. John Medical Center,Pediatrics,"Akron Children's Hospital, Akron",Emergency Medicine,UH St. John Medical Center,Surgery,Cleveland Clinic Fairview Hospital,Family Medicine,UH St. John Medical Center,Elective,Generic Elective,63.7,Western Cleveland
131,Elective,Generic Elective,Obstetrics/Gynecology,UH St. John Medical Center,Internal Medicine,UH St. John Medical Center,Internal Medicine,UH St. John Medical Center,Family Medicine,UH St. John Medical Center,Emergency Medicine,UH St. John Medical Center,Surgery,Cleveland Clinic Fairview Hospital,Pediatrics,UH Cleveland Medical Center,Psychiatry,Mercy Health Lorain Hospital,37.4,Western Cleveland
132,Elective,Generic Elective,Surgery,Cleveland Clinic Mercy Medical Center (Canton),Emergency Medicine,"Summa Health, Akron",Family Medicine,"Summa Health, Akron",Internal Medicine,UH St. John Medical Center,Internal Medicine,UH St. John Medical Center,Obstetrics/Gynecology,Aultman Hospital,Pediatrics,"Akron Children's Hospital, Akron",Psychiatry,"Summa Health, Akron",71.5,Akron
133,Elective,Generic Elective,Pediatrics,UH Cleveland Medical Center,Internal Medicine,UH St. John Medical Center,Internal Medicine,UH St. John Medical Center,Obstetrics/Gynecology,UH St. John Medical Center,Surgery,Cleveland Clinic Fairview Hospital,Emergency Medicine,UH Ahuja Medical Center,Psychiatry,Mercy Health Lorain Hospital,Family Medicine,UH St. John Medical Center,51.2,Western Cleveland
134,Internal Medicine,UH St. John Medical Center,Internal Medicine,UH St. John Medical Center,Family Medicine,UH St. John Medical Center,Surgery,UH Cleveland Medical Center,Emergency Medicine,UH St. John Medical Center,Psychiatry,Mercy Health Lorain Hospital,Pediatrics,"Akron Children's Hospital, Akron",Obstetrics/Gynecology,UH St. John Medical Center,Elective,Generic Elective,63.7,Western Cleveland
135,Psychiatry,Mercy Health Lorain Hospital,Elective,Generic Elective,Obstetrics/Gynecology,UH St. John Medical Center,Surgery,Cleveland Clinic Fairview Hospital,Emergency Medicine,UH St. John Medical Center,Family Medicine,UH St. John Medical Center,Internal Medicine,UH St. John Medical Center,Internal Medicine,UH St. John Medical Center,Pediatrics,UH Cleveland Medical Center,37.4,Western Cleveland
136,Surgery,UH Cleveland Medical Center,Emergency Medicine,MetroHealth Medical Center,Obstetrics/Gynecology,OhioHealth Riverside Methodist Hospital,Pediatrics,MetroHealth Medical Center,Internal Medicine,Cleveland Clinic Fairview Hospital,Internal Medicine,Cleveland Clinic Fairview Hospital,Elective,Generic Elective,Psychiatry,UH Cleveland Medical Center,Family Medicine,MetroHealth Medical Center,124.4,Western Cleveland
137,Obstetrics/Gynecology,UH St. John Medical Center,Psychiatry,Mercy Health Lorain Hospital,Elective,Generic Elective,Family Medicine,UH St. John Medical Center,Surgery,Cleveland Clinic Fairview Hospital,Emergency Medicine,MetroHealth Medical Center,Internal Medicine,UH St. John Medical Center,Internal Medicine,UH St. John Medical Center,Pediatrics,UH Cleveland Medical Center,38.7,Western Cleveland
138,Elective,Generic Elective,Obstetrics/Gynecology,Cleveland Clinic Akron General,Pediatrics,"Akron Children's Hospital, Akron",Surgery,Cleveland Clinic Akron General,Emergency Medicine,Cleveland Clinic Akron General,Family Medicine,Cleveland Clinic Akron General,Internal Medicine,UH St. John Medical Center,Internal Medicine,UH St. John Medical Center,Psychiatry,Cleveland Clinic Akron General,51.6,Akron
139,Emergency Medicine,UH Ahuja Medical Center,Surgery,MetroHealth Medical Center,Family Medicine,MetroHealth Medical Center,Pediatrics,UH Cleveland Medical Center,Psychiatry,MetroHealth Medical Center,Elective,Generic Elective,Internal Medicine,Cleveland Clinic Fairview Hospital,Internal Medicine,Cleveland Clinic Fairview Hospital,Obstetrics/Gynecology,Cleveland Clinic Akron General,49.6,Western Cleveland
140,Psychiatry,Mercy Health Lorain Hospital,Elective,Generic Elective,Pediatrics,UH Cleveland Medical Center,Obstetrics/Gynecology,UH St. John Medical Center,Internal Medicine,UH St. John Medical Center,Internal Medicine,UH St. John Medical Center,Family Medicine,UH St. John Medical Center,Emergency Medicine,UH St. John Medical Center,Surgery,Cleveland Clinic Fairview Hospital,37.4,Western Cleveland
141,Family Medicine,UH St. John Medical Center,Obstetrics/Gynecology,UH St. John Medical Center,Elective,Generic Elective,Pediatrics,"Akron Children's Hospital, Akron",Internal Medicine,UH St. John Medical Center,Internal Medicine,UH St. John Medical Center,Psychiatry,Mercy Health Lorain Hospital,Emergency Medicine,UH St. John Medical Center,Surgery,Cleveland Clinic Fairview Hospital,63.7,Western Cleveland
142,Elective,Generic Elective,Family Medicine,Cleveland Clinic Akron General,Pediatrics,"Akron Children's Hospital, Akron",Psychiatry,Cleveland Clinic Akron General,Internal Medicine,Cleveland Clinic Akron General,Internal Medicine,Cleveland Clinic Akron General,Obstetrics/Gynecology,Cleveland Clinic Akron General,Surgery,Cleveland Clinic Mercy Medical Center (Canton),Emergency Medicine,Cleveland Clinic Akron General,26,Akron
143,Elective,Generic Elective,Surgery,Cleveland Clinic Fairview Hospital,Emergency Medicine,MetroHealth Medical Center,Pediatrics,MetroHealth Medical Center,Internal Medicine,UH St. John Medical Center,Internal Medicine,UH St. John Medical Center,Psychiatry,MetroHealth Medical Center,Family Medicine,MetroHealth Medical Center,Obstetrics/Gynecology,UH Ahuja Medical Center,33,Western Cleveland
144,Internal Medicine,UH St. John Medical Center,Internal Medicine,UH St. John Medical Center,Psychiatry,UH Cleveland Medical Center,Family Medicine,UH St. John Medical Center,Pediatrics,"Akron Children's Hospital, Akron",Elective,Generic Elective,Obstetrics/Gynecology,UH St. John Medical Center,Surgery,Cleveland Clinic Fairview Hospital,Emergency Medicine,UH St. John Medical Center,51.2,Western Cleveland
145,Internal Medicine,UH Parma Medical Center,Internal Medicine,UH Parma Medical Center,Psychiatry,MetroHealth Medical Center,Pediatrics,UH Cleveland Medical Center,Obstetrics/Gynecology,UH Ahuja Medical Center,Family Medicine,MetroHealth Medical Center,Elective,Generic Elective,Emergency Medicine,MetroHealth Medical Center,Surgery,UH Cleveland Medical Center,30.8,Eastern Cleveland
146,Internal Medicine,Cleveland Clinic Fairview Hospital,Internal Medicine,Cleveland Clinic Fairview Hospital,Obstetrics/Gynecology,UH Ahuja Medical Center,Emergency Medicine,MetroHealth Medical Center,Surgery,UH Cleveland Medical Center,Pediatrics,UH Cleveland Medical Center,Family Medicine,MetroHealth Medical Center,Psychiatry,MetroHealth Medical Center,Elective,Generic Elective,30.7,Western Cleveland
147,Pediatrics,"Akron Children's Hospital, Akron",Elective,Generic Elective,Family Medicine,UH Lake Health West Medical Center,Obstetrics/Gynecology,UH Ahuja Medical Center,Emergency Medicine,UH Ahuja Medical Center,Surgery,UH Cleveland Medical Center,Internal Medicine,Cleveland Clinic Fairview Hospital,Internal Medicine,Cleveland Clinic Fairview Hospital,Psychiatry,Bluestone Child and Adolescent Psychiatric Hospital,49.1,Eastern Cleveland
148,Pediatrics,UH Cleveland Medical Center,Elective,Generic Elective,Internal Medicine,UH St. John Medical Center,Internal Medicine,UH St. John Medical Center,Obstetrics/Gynecology,UH St. John Medical Center,Psychiatry,Mercy Health Lorain Hospital,Emergency Medicine,UH St. John Medical Center,Surgery,Cleveland Clinic Fairview Hospital,Family Medicine,UH St. John Medical Center,37.4,Western Cleveland
149,Elective,Generic Elective,Family Medicine,UH St. John Medical Center,Emergency Medicine,UH Ahuja Medical Center,Surgery,Cleveland Clinic Fairview Hospital,Internal Medicine,UH St. John Medical Center,Internal Medicine,UH St. John Medical Center,Pediatrics,UH Cleveland Medical Center,Obstetrics/Gynecology,UH St. John Medical Center,Psychiatry,Mercy Health Lorain Hospital,51.2,Western Cleveland
150,Internal Medicine,Cleveland Clinic Fairview Hospital,Internal Medicine,Cleveland Clinic Fairview Hospital,Elective,Generic Elective,Psychiatry,UH Cleveland Medical Center,Emergency Medicine,UH Ahuja Medical Center,Surgery,Cleveland Clinic Fairview Hospital,Pediatrics,UH Cleveland Medical Center,Family Medicine,UH St. John Medical Center,Obstetrics/Gynecology,OhioHealth Riverside Methodist Hospital,126.8,Western Cleveland
151,Emergency Medicine,Cleveland Clinic Akron General,Surgery,Cleveland Clinic Akron General,Family Medicine,Cleveland Clinic Akron General,Psychiatry,Cleveland Clinic Akron General,Pediatrics,"Akron Children's Hospital, Akron",Elective,Generic Elective,Internal Medicine,MetroHealth Medical Center,Internal Medicine,MetroHealth Medical Center,Obstetrics/Gynecology,Cleveland Clinic Akron General,41.4,Akron
152,Elective,Generic Elective,Psychiatry,"Summa Health, Akron",Surgery,Cleveland Clinic Akron General,Emergency Medicine,"Summa Health, Akron",Internal Medicine,UH Parma Medical Center,Internal Medicine,UH Parma Medical Center,Family Medicine,"Summa Health Systems, Barberton",Pediatrics,"Akron Children's Hospital, Akron",Obstetrics/Gynecology,"Summa Health, Akron",45.6,Akron
153,Elective,Generic Elective,Pediatrics,UH Cleveland Medical Center,Internal Medicine,UH Parma Medical Center,Internal Medicine,UH Parma Medical Center,Emergency Medicine,MetroHealth Medical Center,Surgery,UH Cleveland Medical Center,Psychiatry,UH Cleveland Medical Center,Obstetrics/Gynecology,UH Ahuja Medical Center,Family Medicine,MetroHealth Medical Center,30.8,Eastern Cleveland
154,Internal Medicine,Cleveland Clinic Fairview Hospital,Internal Medicine,Cleveland Clinic Fairview Hospital,Pediatrics,MetroHealth Medical Center,Family Medicine,MetroHealth Medical Center,Psychiatry,Louis Stokes Cleveland VA,Surgery,MetroHealth Medical Center,Emergency Medicine,MetroHealth Medical Center,Elective,Generic Elective,Obstetrics/Gynecology,UH Ahuja Medical Center,30.7,Western Cleveland
155,Psychiatry,UH Cleveland Medical Center,Pediatrics,"Akron Children's Hospital, Akron",Emergency Medicine,MetroHealth Medical Center,Surgery,Cleveland Clinic Fairview Hospital,Family Medicine,UH St. John Medical Center,Obstetrics/Gynecology,UH St. John Medical Center,Internal Medicine,UH St. John Medical Center,Internal Medicine,UH St. John Medical Center,Elective,Generic Elective,51.2,Western Cleveland
156,Emergency Medicine,MetroHealth Medical Center,Surgery,Cleveland Clinic Fairview Hospital,Psychiatry,UH Cleveland Medical Center,Pediatrics,UH Cleveland Medical Center,Internal Medicine,Cleveland Clinic Fairview Hospital,Internal Medicine,Cleveland Clinic Fairview Hospital,Obstetrics/Gynecology,UH St. John Medical Center,Elective,Generic Elective,Family Medicine,UH St. John Medical Center,34.1,Western Cleveland
157,Psychiatry,Louis Stokes Cleveland VA,Obstetrics/Gynecology,UH Ahuja Medical Center,Internal Medicine,Cleveland Clinic Fairview Hospital,Internal Medicine,Cleveland Clinic Fairview Hospital,Pediatrics,UH Cleveland Medical Center,Emergency Medicine,MetroHealth Medical Center,Surgery,MetroHealth Medical Center,Family Medicine,MetroHealth Medical Center,Elective,Generic Elective,30.7,Western Cleveland
158,Obstetrics/Gynecology,UH Ahuja Medical Center,Emergency Medicine,MetroHealth Medical Center,Surgery,UH Cleveland Medical Center,Elective,Generic Elective,Internal Medicine,UH Parma Medical Center,Internal Medicine,UH Parma Medical Center,Family Medicine,MetroHealth Medical Center,Pediatrics,UH Cleveland Medical Center,Psychiatry,Louis Stokes Cleveland VA,30.8,Eastern Cleveland
159,Elective,Generic Elective,Family Medicine,Mercy Health St. Elizabeth Youngstown,Surgery,Mercy Health St. Elizabeth Youngstown,Emergency Medicine,Mercy Health St. Elizabeth Youngstown,Psychiatry,Mercy Health St. Elizabeth Youngstown,Pediatrics,"Akron Children's Hospital, Akron",Internal Medicine,Mercy Health St. Elizabeth Youngstown,Internal Medicine,Mercy Health St. Elizabeth Youngstown,Obstetrics/Gynecology,Mercy Health St. Elizabeth Youngstown,50.6,Youngstown
160,Surgery,Cleveland Clinic Akron General,Emergency Medicine,Cleveland Clinic Akron General,Internal Medicine,Cleveland Clinic Akron General,Internal Medicine,Cleveland Clinic Akron General,Elective,Generic Elective,Pediatrics,"Akron Children's Hospital, Akron",Obstetrics/Gynecology,Cleveland Clinic Akron General,Psychiatry,Cleveland Clinic Akron General,Family Medicine,Cleveland Clinic Akron General,3.9,Akron
161,Internal Medicine,Mercy Health St. Elizabeth Youngstown,Internal Medicine,Mercy Health St. Elizabeth Youngstown,Obstetrics/Gynecology,Mercy Health St. Elizabeth Youngstown,Pediatrics,"Akron Children's Hospital, Akron",Family Medicine,Mercy Health St. Elizabeth Youngstown,Psychiatry,Mercy Health St. Elizabeth Youngstown,Surgery,Mercy Health St. Elizabeth Youngstown,Emergency Medicine,Mercy Health St. Elizabeth Youngstown,Elective,Generic Elective,50.6,Youngstown
162,Internal Medicine,Mercy Health St. Elizabeth Youngstown,Internal Medicine,Mercy Health St. Elizabeth Youngstown,Psychiatry,Mercy Health St. Elizabeth Youngstown,Family Medicine,Mercy Health St. Elizabeth Youngstown,Pediatrics,"Akron Children's Hospital, Beeghley",Obstetrics/Gynecology,OhioHealth Riverside Methodist Hospital,Surgery,Mercy Health St. Elizabeth Youngstown,Emergency Medicine,Mercy Health St. Elizabeth Youngstown,Elective,Generic Elective,162.2,Youngstown
163,Family Medicine,Mercy Health St. Elizabeth Youngstown,Pediatrics,"Akron Children's Hospital, Beeghley",Obstetrics/Gynecology,Aultman Hospital,Psychiatry,Mercy Health St. Elizabeth Youngstown,Emergency Medicine,Mercy Health St. Elizabeth Youngstown,Surgery,Mercy Health St. Elizabeth Youngstown,Internal Medicine,Mercy Health St. Elizabeth Youngstown,Internal Medicine,Mercy Health St. Elizabeth Youngstown,Elective,Generic Elective,68.6,Youngstown
164,Pediatrics,"Akron Children's Hospital, Beeghley",Psychiatry,Mercy Health St. Elizabeth Youngstown,Emergency Medicine,Mercy Health St. Elizabeth Youngstown,Surgery,Mercy Health St. Elizabeth Youngstown,Internal Medicine,Mercy Health St. Elizabeth Youngstown,Internal Medicine,Mercy Health St. Elizabeth Youngstown,Obstetrics/Gynecology,Mercy Health St. Elizabeth Youngstown,Family Medicine,Mercy Health St. Elizabeth Youngstown,Elective,Generic Elective,16.7,Youngstown
165,Elective,Generic Elective,Obstetrics/Gynecology,Aultman Hospital,Emergency Medicine,"Summa Health, Akron",Surgery,"Summa Health, Akron",Pediatrics,"Akron Children's Hospital, Akron",Family Medicine,Mercy Health St. Elizabeth Boardman,Internal Medicine,UH Parma Medical Center,Internal Medicine,UH Parma Medical Center,Psychiatry,"Summa Health, Akron",80.7,Akron
166,Pediatrics,"Akron Children's Hospital, Beeghley",Emergency Medicine,Mercy Health St. Elizabeth Youngstown,Surgery,Mercy Health St. Elizabeth Youngstown,Obstetrics/Gynecology,Mercy Health St. Elizabeth Youngstown,Internal Medicine,Mercy Health St. Elizabeth Youngstown,Internal Medicine,Mercy Health St. Elizabeth Youngstown,Family Medicine,Mercy Health St. Elizabeth Youngstown,Psychiatry,Mercy Health St. Elizabeth Youngstown,Elective,Generic Elective,16.7,Youngstown
167,Internal Medicine,Aultman/Mercy,Internal Medicine,Aultman/Mercy,Family Medicine,"Summa Health, Akron",Obstetrics/Gynecology,Aultman Hospital,Pediatrics,"Akron Children's Hospital, Akron",Psychiatry,"Summa Health, Akron",Surgery,Cleveland Clinic Akron General,Emergency Medicine,Cleveland Clinic Akron General,Elective,Generic Elective,28.4,Akron
168,Surgery,Mercy Health St. Elizabeth Youngstown,Emergency Medicine,Mercy Health St. Elizabeth Youngstown,Internal Medicine,Mercy Health St. Elizabeth Youngstown,Internal Medicine,Mercy Health St. Elizabeth Youngstown,Psychiatry,Mercy Health St. Elizabeth Youngstown,Family Medicine,Mercy Health St. Elizabeth Youngstown,Elective,Generic Elective,Pediatrics,"Akron Children's Hospital, Beeghley",Obstetrics/Gynecology,Mercy Health St. Elizabeth Youngstown,16.7,Youngstown
169,Elective,Generic Elective,Psychiatry,Mercy Health St. Elizabeth Youngstown,Pediatrics,"Akron Children's Hospital, Beeghley",Emergency Medicine,Mercy Health St. Elizabeth Youngstown,Surgery,Mercy Health St. Elizabeth Youngstown,Obstetrics/Gynecology,UH TriPoint Medical Center,Internal Medicine,Mercy Health St. Elizabeth Youngstown,Internal Medicine,Mercy Health St. Elizabeth Youngstown,Family Medicine,Mercy Health St. Elizabeth Youngstown,85.3,Youngstown
170,Internal Medicine,Mercy Health St. Elizabeth Youngstown,Internal Medicine,Mercy Health St. Elizabeth Youngstown,Family Medicine,Mercy Health St. Elizabeth Youngstown,Surgery,Mercy Health St. Elizabeth Youngstown,Emergency Medicine,Mercy Health St. Elizabeth Youngstown,Obstetrics/Gynecology,Mercy Health St. Elizabeth Youngstown,Elective,Generic Elective,Pediatrics,"Akron Children's Hospital, Beeghley",Psychiatry,Mercy Health St. Elizabeth Youngstown,16.7,Youngstown
171,Surgery,Mercy Health St. Elizabeth Youngstown,Emergency Medicine,Mercy Health St. Elizabeth Youngstown,Pediatrics,"Akron Children's Hospital, Beeghley",Psychiatry,Mercy Health St. Elizabeth Youngstown,Obstetrics/Gynecology,Mercy Health St. Elizabeth Youngstown,Family Medicine,Mercy Health St. Elizabeth Youngstown,Internal Medicine,Mercy Health St. Elizabeth Youngstown,Internal Medicine,Mercy Health St. Elizabeth Youngstown,Elective,Generic Elective,16.7,Youngstown
172,Obstetrics/Gynecology,Mercy Health St. Elizabeth Youngstown,Family Medicine,Mercy Health St. Elizabeth Youngstown,Internal Medicine,Mercy Health St. Elizabeth Youngstown,Internal Medicine,Mercy Health St. Elizabeth Youngstown,Elective,Generic Elective,Pediatrics,"Akron Children's Hospital, Beeghley",Psychiatry,Mercy Health St. Elizabeth Youngstown,Emergency Medicine,Mercy Health St. Elizabeth Youngstown,Surgery,Mercy Health St. Elizabeth Youngstown,16.7,Youngstown
173,Psychiatry,Mercy Health St. Elizabeth Youngstown,Family Medicine,Mercy Health St. Elizabeth Boardman,Internal Medicine,Mercy Health St. Elizabeth Youngstown,Internal Medicine,Mercy Health St. Elizabeth Youngstown,Surgery,Mercy Health St. Elizabeth Youngstown,Emergency Medicine,Mercy Health St. Elizabeth Youngstown,Obstetrics/Gynecology,Aultman Hospital,Pediatrics,"Akron Children's Hospital, Akron",Elective,Generic Elective,67.1,Youngstown
174,Emergency Medicine,Mercy Health St. Elizabeth Youngstown,Surgery,Mercy Health St. Elizabeth Youngstown,Obstetrics/Gynecology,Aultman Hospital,Pediatrics,"Akron Children's Hospital, Akron",Internal Medicine,Mercy Health St. Elizabeth Youngstown,Internal Medicine,Mercy Health St. Elizabeth Youngstown,Family Medicine,Mercy Health St. Elizabeth Youngstown,Psychiatry,Mercy Health St. Elizabeth Youngstown,Elective,Generic Elective,66.3,Youngstown
175,Psychiatry,Mercy Health St. Elizabeth Youngstown,Surgery,Mercy Health St. Elizabeth Youngstown,Emergency Medicine,Mercy Health St. Elizabeth Youngstown,Elective,Generic Elective,Internal Medicine,Mercy Health St. Elizabeth Youngstown,Internal Medicine,Mercy Health St. Elizabeth Youngstown,Pediatrics,"Akron Children's Hospital, Beeghley",Obstetrics/Gynecology,Mercy Health St. Elizabeth Youngstown,Family Medicine,Mercy Health St. Elizabeth Youngstown,16.7,Youngstown
176,Elective,Generic Elective,Pediatrics,"Akron Children's Hospital, Akron",Psychiatry,Columbus VA Clinic,Obstetrics/Gynecology,OhioHealth Riverside Methodist Hospital,Surgery,OhioHealth Riverside Methodist Hospital,Emergency Medicine,Columbus VA Clinic,Internal Medicine,OhioHealth Riverside Methodist Hospital,Internal Medicine,OhioHealth Riverside Methodist Hospital,Family Medicine,Mount Carmel Health System,115.5,Columbus
177,Elective,Generic Elective,Pediatrics,"Akron Children's Hospital, Akron",Obstetrics/Gynecology,Mercy Health St. Elizabeth Youngstown,Psychiatry,Mercy Health St. Elizabeth Youngstown,Internal Medicine,Mercy Health St. Elizabeth Youngstown,Internal Medicine,Mercy Health St. Elizabeth Youngstown,Family Medicine,Mercy Health St. Elizabeth Youngstown,Surgery,Mercy Health St. Elizabeth Youngstown,Emergency Medicine,Mercy Health St. Elizabeth Youngstown,50.6,Youngstown
178,Psychiatry,Mercy Health St. Elizabeth Youngstown,Obstetrics/Gynecology,Mercy Health St. Elizabeth Youngstown,Family Medicine,Mercy Health St. Elizabeth Youngstown,Elective,Generic Elective,Internal Medicine,UH Geauga Medical Center,Internal Medicine,UH Geauga Medical Center,Pediatrics,"Akron Children's Hospital, Beeghley",Emergency Medicine,Mercy Health St. Elizabeth Youngstown,Surgery,Mercy Health St. Elizabeth Youngstown,68,Youngstown
179,Elective,Generic Elective,Psychiatry,Mercy Health St. Elizabeth Youngstown,Internal Medicine,Mercy Health St. Elizabeth Youngstown,Internal Medicine,Mercy Health St. Elizabeth Youngstown,Emergency Medicine,Mercy Health St. Elizabeth Youngstown,Surgery,Mercy Health St. Elizabeth Youngstown,Obstetrics/Gynecology,Mercy Health St. Elizabeth Youngstown,Family Medicine,Mercy Health St. Elizabeth Youngstown,Pediatrics,"Akron Children's Hospital, Beeghley",16.7,Youngstown
180,Family Medicine,Mount Carmel Health System,Elective,Generic Elective,Surgery,OhioHealth Riverside Methodist Hospital,Emergency Medicine,Columbus VA Clinic,Internal Medicine,OhioHealth Riverside Methodist Hospital,Internal Medicine,OhioHealth Riverside Methodist Hospital,Obstetrics/Gynecology,OhioHealth Riverside Methodist Hospital,Psychiatry,Columbus VA Clinic,Pediatrics,"Akron Children's Hospital, Akron",115.5,Columbus
181,Pediatrics,The Christ Hospital,Psychiatry,The Christ Hospital,Internal Medicine,The Christ Hospital,Internal Medicine,The Christ Hospital,Surgery,The Christ Hospital,Emergency Medicine,The Christ Hospital,Family Medicine,The Christ Hospital,Obstetrics/Gynecology,The Christ Hospital,Elective,Generic Elective,0,Cincinnati
182,Pediatrics,The Christ Hospital,Psychiatry,The Christ Hospital,Family Medicine,The Christ Hospital,Elective,Generic Elective,Emergency Medicine,The Christ Hospital,Surgery,The Christ Hospital,Internal Medicine,The Christ Hospital,Internal Medicine,The Christ Hospital,Obstetrics/Gynecology,The Christ Hospital,0,Cincinnati
183,Internal Medicine,The Christ Hospital,Internal Medicine,The Christ Hospital,Pediatrics,The Christ Hospital,Psychiatry,The Christ Hospital,Family Medicine,The Christ Hospital,Obstetrics/Gynecology,The Christ Hospital,Surgery,The Christ Hospital,Emergency Medicine,The Christ Hospital,Elective,Generic Elective,0,Cincinnati
184,Pediatrics,The Christ Hospital,Family Medicine,The Christ Hospital,Emergency Medicine,The Christ Hospital,Surgery,The Christ Hospital,Internal Medicine,The Christ Hospital,Internal Medicine,The Christ Hospital,Obstetrics/Gynecology,The Christ Hospital,Psychiatry,The Christ Hospital,Elective,Generic Elective,0,Cincinnati
185,Internal Medicine,The Christ Hospital,Internal Medicine,The Christ Hospital,Surgery,The Christ Hospital,Emergency Medicine,The Christ Hospital,Obstetrics/Gynecology,The Christ Hospital,Family Medicine,The Christ Hospital,Pediatrics,The Christ Hospital,Psychiatry,The Christ Hospital,Elective,Generic Elective,0,Cincinnati
186,Elective,Generic Elective,Family Medicine,The Christ Hospital,Internal Medicine,The Christ Hospital,Internal Medicine,The Christ Hospital,Psychiatry,The Christ Hospital,Surgery,The Christ Hospital,Emergency Medicine,The Christ Hospital,Obstetrics/Gynecology,The Christ Hospital,Pediatrics,The Christ Hospital,0,Cincinnati
187,Internal Medicine,The Christ Hospital,Internal Medicine,The Christ Hospital,Psychiatry,The Christ Hospital,Family Medicine,The Christ Hospital,Pediatrics,The Christ Hospital,Obstetrics/Gynecology,The Christ Hospital,Elective,Generic Elective,Emergency Medicine,The Christ Hospital,Surgery,The Christ Hospital,0,Cincinnati
188,Internal Medicine,The Christ Hospital,Internal Medicine,The Christ Hospital,Psychiatry,The Christ Hospital,Pediatrics,The Christ Hospital,Surgery,The Christ Hospital,Emergency Medicine,The Christ Hospital,Obstetrics/Gynecology,The Christ Hospital,Elective,Generic Elective,Family Medicine,The Christ Hospital,0,Cincinnati
189,Internal Medicine,The Christ Hospital,Internal Medicine,The Christ Hospital,Obstetrics/Gynecology,The Christ Hospital,Psychiatry,The Christ Hospital,Family Medicine,The Christ Hospital,Pediatrics,The Christ Hospital,Elective,Generic Elective,Surgery,The Christ Hospital,Emergency Medicine,The Christ Hospital,0,Cincinnati
190,Internal Medicine,The Christ Hospital,Internal Medicine,The Christ Hospital,Pediatrics,The Christ Hospital,Family Medicine,The Christ Hospital,Psychiatry,The Christ Hospital,Elective,Generic Elective,Obstetrics/Gynecology,The Christ Hospital,Emergency Medicine,The Christ Hospital,Surgery,The Christ Hospital,0,Cincinnati
191,Obstetrics/Gynecology,The Christ Hospital,Pediatrics,The Christ Hospital,Internal Medicine,The Christ Hospital,Internal Medicine,The Christ Hospital,Family Medicine,The Christ Hospital,Emergency Medicine,The Christ Hospital,Surgery,The Christ Hospital,Psychiatry,The Christ Hospital,Elective,Generic Elective,0,Cincinnati
192,Psychiatry,The Christ Hospital,Elective,Generic Elective,Surgery,The Christ Hospital,Emergency Medicine,The Christ Hospital,Internal Medicine,The Christ Hospital,Internal Medicine,The Christ Hospital,Family Medicine,The Christ Hospital,Pediatrics,The Christ Hospital,Obstetrics/Gynecology,The Christ Hospital,0,Cincinnati
193,Obstetrics/Gynecology,The Christ Hospital,Pediatrics,The Christ Hospital,Internal Medicine,The Christ Hospital,Internal Medicine,The Christ Hospital,Elective,Generic Elective,Psychiatry,The Christ Hospital,Family Medicine,The Christ Hospital,Emergency Medicine,The Christ Hospital,Surgery,The Christ Hospital,0,Cincinnati
194,Elective,Generic Elective,Psychiatry,The Christ Hospital,Obstetrics/Gynecology,The Christ Hospital,Pediatrics,The Christ Hospital,Internal Medicine,The Christ Hospital,Internal Medicine,The Christ Hospital,Emergency Medicine,The Christ Hospital,Surgery,The Christ Hospital,Family Medicine,The Christ Hospital,0,Cincinnati
195,Psychiatry,The Christ Hospital,Obstetrics/Gynecology,The Christ Hospital,Internal Medicine,The Christ Hospital,Internal Medicine,The Christ Hospital,Elective,Generic Elective,Emergency Medicine,The Christ Hospital,Surgery,The Christ Hospital,Family Medicine,The Christ Hospital,Pediatrics,The Christ Hospital,0,Cincinnati
196,Internal Medicine,The Christ Hospital,Internal Medicine,The Christ Hospital,Pediatrics,The Christ Hospital,Emergency Medicine,The Christ Hospital,Surgery,The Christ Hospital,Psychiatry,The Christ Hospital,Elective,Generic Elective,Obstetrics/Gynecology,The Christ Hospital,Family Medicine,The Christ Hospital,0,Cincinnati
197,Obstetrics/Gynecology,The Christ Hospital,Pediatrics,The Christ Hospital,Internal Medicine,The Christ Hospital,Internal Medicine,The Christ Hospital,Elective,Generic Elective,Surgery,The Christ Hospital,Emergency Medicine,The Christ Hospital,Family Medicine,The Christ Hospital,Psychiatry,The Christ Hospital,0,Cincinnati
198,Surgery,The Christ Hospital,Emergency Medicine,The Christ Hospital,Elective,Generic Elective,Psychiatry,The Christ Hospital,Obstetrics/Gynecology,The Christ Hospital,Family Medicine,The Christ Hospital,Internal Medicine,The Christ Hospital,Internal Medicine,The Christ Hospital,Pediatrics,The Christ Hospital,0,Cincinnati
199,Surgery,The Christ Hospital,Emergency Medicine,The Christ Hospital,Elective,Generic Elective,Family Medicine,The Christ Hospital,Internal Medicine,The Christ Hospital,Internal Medicine,The Christ Hospital,Psychiatry,The Christ Hospital,Pediatrics,The Christ Hospital,Obstetrics/Gynecology,The Christ Hospital,0,Cincinnati
200,Family Medicine,The Christ Hospital,Obstetrics/Gynecology,The Christ Hospital,Emergency Medicine,The Christ Hospital,Surgery,The Christ Hospital,Internal Medicine,The Christ Hospital,Internal Medicine,The Christ Hospital,Psychiatry,The Christ Hospital,Pediatrics,The Christ Hospital,Elective,Generic Elective,0,Cincinnati
201,Emergency Medicine,The Christ Hospital,Surgery,The Christ Hospital,Family Medicine,The Christ Hospital,Pediatrics,The Christ Hospital,Psychiatry,The Christ Hospital,Obstetrics/Gynecology,The Christ Hospital,Internal Medicine,The Christ Hospital,Internal Medicine,The Christ Hospital,Elective,Generic Elective,0,Cincinnati
202,Psychiatry,The Christ Hospital,Obstetrics/Gynecology,The Christ Hospital,Family Medicine,The Christ Hospital,Elective,Generic Elective,Internal Medicine,The Christ Hospital,Internal Medicine,The Christ Hospital,Pediatrics,The Christ Hospital,Surgery,The Christ Hospital,Emergency Medicine,The Christ Hospital,0,Cincinnati
203,Surgery,The Christ Hospital,Emergency Medicine,The Christ Hospital,Internal Medicine,The Christ Hospital,Internal Medicine,The Christ Hospital,Obstetrics/Gynecology,The Christ Hospital,Pediatrics,The Christ Hospital,Psychiatry,The Christ Hospital,Family Medicine,The Christ Hospital,Elective,Generic Elective,0,Cincinnati
204,Elective,Generic Elective,Family Medicine,The Christ Hospital,Obstetrics/Gynecology,The Christ Hospital,Surgery,The Christ Hospital,Emergency Medicine,The Christ Hospital,Pediatrics,The Christ Hospital,Internal Medicine,The Christ Hospital,Internal Medicine,The Christ Hospital,Psychiatry,The Christ Hospital,0,Cincinnati
205,Family Medicine,The Christ Hospital,Surgery,The Christ Hospital,Emergency Medicine,The Christ Hospital,Obstetrics/Gynecology,The Christ Hospital,Pediatrics,The Christ Hospital,Psychiatry,The Christ Hospital,Internal Medicine,The Christ Hospital,Internal Medicine,The Christ Hospital,Elective,Generic Elective,0,Cincinnati
206,Family Medicine,The Christ Hospital,Emergency Medicine,The Christ Hospital,Surgery,The Christ Hospital,Obstetrics/Gynecology,The Christ Hospital,Internal Medicine,The Christ Hospital,Internal Medicine,The Christ Hospital,Pediatrics,The Christ Hospital,Elective,Generic Elective,Psychiatry,The Christ Hospital,0,Cincinnati
207,Emergency Medicine,The Christ Hospital,Surgery,The Christ Hospital,Psychiatry,The Christ Hospital,Obstetrics/Gynecology,The Christ Hospital,Pediatrics,The Christ Hospital,Family Medicine,The Christ Hospital,Internal Medicine,The Christ Hospital,Internal Medicine,The Christ Hospital,Elective,Generic Elective,0,Cincinnati
